{"cameraMode":{"drawMode":0,"name":"Shaded","section":"Shading Mode"},"sceneLighting":true,"audioPlay":false,"sceneViewState":{"showFog":true,"showMaterialUpdate":false,"showSkybox":false,"showFlares":true,"showImageEffects":true,"showParticleSystems":true},"in2DMode":false,"pivot":{"x":85.83839416503906,"y":3.66294527053833,"z":-42.98833465576172},"rotation":{"x":0.5133083462715149,"y":0.015195165760815144,"z":-0.00904074776917696,"w":0.8580732941627502},"size":91.27255249023438,"orthographic":false}