{"cameraMode":{"drawMode":0,"name":"Shaded","section":"Shading Mode"},"sceneLighting":true,"audioPlay":false,"sceneViewState":{"showFog":true,"showMaterialUpdate":false,"showSkybox":false,"showFlares":true,"showImageEffects":true,"showParticleSystems":true},"in2DMode":false,"pivot":{"x":38.38218307495117,"y":-68.35169982910156,"z":42.9366455078125},"rotation":{"x":-0.2932303547859192,"y":-0.00459198746830225,"z":0.0014059199020266533,"w":-0.9560547471046448},"size":254.47032165527345,"orthographic":false}