{"cameraMode":{"drawMode":0,"name":"Shaded","section":"Shading Mode"},"sceneLighting":true,"audioPlay":false,"sceneViewState":{"showFog":true,"showMaterialUpdate":false,"showSkybox":false,"showFlares":true,"showImageEffects":true,"showParticleSystems":true},"in2DMode":false,"pivot":{"x":0.877307116985321,"y":0.9238129258155823,"z":-2.556076765060425},"rotation":{"x":0.0035621048882603647,"y":-0.9920629262924194,"z":0.12235075980424881,"w":0.02888418175280094},"size":4.957884311676025,"orthographic":false}