{"cameraMode":{"drawMode":0,"name":"Shaded","section":"Shading Mode"},"sceneLighting":true,"audioPlay":false,"sceneViewState":{"showFog":true,"showMaterialUpdate":false,"showSkybox":false,"showFlares":true,"showImageEffects":true,"showParticleSystems":true},"in2DMode":false,"pivot":{"x":-8.60300350189209,"y":2.104393243789673,"z":-20.402334213256837},"rotation":{"x":-0.05797272175550461,"y":-0.8895295262336731,"z":0.11784243583679199,"w":-0.43761053681373598},"size":10.494790077209473,"orthographic":false}