{"cameraMode":{"drawMode":0,"name":"Shaded","section":"Shading Mode"},"sceneLighting":true,"audioPlay":false,"sceneViewState":{"showFog":true,"showMaterialUpdate":false,"showSkybox":false,"showFlares":true,"showImageEffects":true,"showParticleSystems":true},"in2DMode":false,"pivot":{"x":-49.0,"y":1.9774084091186524,"z":76.19999694824219},"rotation":{"x":-0.12601573765277863,"y":0.7311021089553833,"z":-0.14053930342197419,"w":-0.6557194590568543},"size":7.756518363952637,"orthographic":false}