{"cameraMode":{"drawMode":0,"name":"Shaded","section":"Shading Mode"},"sceneLighting":true,"audioPlay":false,"sceneViewState":{"showFog":true,"showMaterialUpdate":false,"showSkybox":false,"showFlares":true,"showImageEffects":true,"showParticleSystems":true},"in2DMode":false,"pivot":{"x":-170.133056640625,"y":20.808883666992189,"z":-5.296543121337891},"rotation":{"x":0.06997920572757721,"y":0.7705013155937195,"z":-0.6278162598609924,"w":0.08585865050554276},"size":397.50250244140627,"orthographic":false}