{"cameraMode":{"drawMode":0,"name":"Shaded","section":"Shading Mode"},"sceneLighting":true,"audioPlay":false,"sceneViewState":{"showFog":true,"showMaterialUpdate":false,"showSkybox":false,"showFlares":true,"showImageEffects":true,"showParticleSystems":true},"in2DMode":false,"pivot":{"x":309.4703674316406,"y":-1.6777669191360474,"z":445.0375061035156},"rotation":{"x":0.2580971419811249,"y":-0.3087804913520813,"z":0.08745495975017548,"w":0.911266565322876},"size":12.601761817932129,"orthographic":false}