{"cameraMode":{"drawMode":0,"name":"Shaded","section":"Shading Mode"},"sceneLighting":true,"audioPlay":false,"sceneViewState":{"showFog":true,"showMaterialUpdate":false,"showSkybox":false,"showFlares":true,"showImageEffects":true,"showParticleSystems":true},"in2DMode":false,"pivot":{"x":-67.7925796508789,"y":-2.7476024627685549,"z":84.80841064453125},"rotation":{"x":-0.03786458075046539,"y":0.16325771808624268,"z":-0.006293569225817919,"w":-0.9858834743499756},"size":48.10496139526367,"orthographic":false}