{"cameraMode":{"drawMode":0,"name":"Shaded","section":"Shading Mode"},"sceneLighting":true,"audioPlay":false,"sceneViewState":{"showFog":true,"showMaterialUpdate":false,"showSkybox":false,"showFlares":true,"showImageEffects":true,"showParticleSystems":true},"in2DMode":false,"pivot":{"x":5.790788173675537,"y":-4.042873859405518,"z":-15.861629486083985},"rotation":{"x":0.10640934854745865,"y":0.8702007532119751,"z":-0.21517960727214814,"w":0.43035945296287539},"size":22.0,"orthographic":false}