{"cameraMode":{"drawMode":0,"name":"Shaded","section":"Shading Mode"},"sceneLighting":true,"audioPlay":false,"sceneViewState":{"showFog":true,"showMaterialUpdate":false,"showSkybox":false,"showFlares":true,"showImageEffects":true,"showParticleSystems":true},"in2DMode":false,"pivot":{"x":4.670926094055176,"y":-2.072432518005371,"z":1.7829645872116089},"rotation":{"x":-0.3124100863933563,"y":-0.5425363779067993,"z":0.2272070348262787,"w":-0.7459761500358582},"size":11.407429695129395,"orthographic":false}