{"cameraMode":{"drawMode":0,"name":"Shaded","section":"Shading Mode"},"sceneLighting":true,"audioPlay":false,"sceneViewState":{"showFog":true,"showMaterialUpdate":false,"showSkybox":false,"showFlares":true,"showImageEffects":true,"showParticleSystems":true},"in2DMode":false,"pivot":{"x":-129.45291137695313,"y":17.409852981567384,"z":32.628780364990237},"rotation":{"x":0.00852974783629179,"y":-0.8558819890022278,"z":0.5172437429428101,"w":0.014833156950771809},"size":185.63099670410157,"orthographic":false}