{"cameraMode":{"drawMode":0,"name":"Shaded","section":"Shading Mode"},"sceneLighting":true,"audioPlay":false,"sceneViewState":{"showFog":true,"showMaterialUpdate":false,"showSkybox":false,"showFlares":true,"showImageEffects":true,"showParticleSystems":true},"in2DMode":false,"pivot":{"x":-3.5234873294830324,"y":-0.537687361240387,"z":-3.1217432022094728},"rotation":{"x":-0.04749349504709244,"y":0.9485970139503479,"z":-0.1726158857345581,"w":-0.2610006034374237},"size":8.628897666931153,"orthographic":false}