{"cameraMode":{"drawMode":0,"name":"Shaded","section":"Shading Mode"},"sceneLighting":true,"audioPlay":false,"sceneViewState":{"showFog":true,"showMaterialUpdate":false,"showSkybox":false,"showFlares":true,"showImageEffects":true,"showParticleSystems":true},"in2DMode":false,"pivot":{"x":344.55364990234377,"y":28.646635055541993,"z":415.3038635253906},"rotation":{"x":0.1811680644750595,"y":-0.4505070149898529,"z":0.0939035639166832,"w":0.8691478371620178},"size":12.601761817932129,"orthographic":false}