{"cameraMode":{"drawMode":0,"name":"Shaded","section":"Shading Mode"},"sceneLighting":true,"audioPlay":false,"sceneViewState":{"showFog":true,"showMaterialUpdate":false,"showSkybox":false,"showFlares":true,"showImageEffects":true,"showParticleSystems":true},"in2DMode":false,"pivot":{"x":5.817354202270508,"y":-1.9516339302062989,"z":6.141520023345947},"rotation":{"x":0.1569221168756485,"y":0.3220645785331726,"z":-0.05422224849462509,"w":0.9320477247238159},"size":12.16767692565918,"orthographic":false}