{"cameraMode":{"drawMode":0,"name":"Shaded","section":"Shading Mode"},"sceneLighting":true,"audioPlay":false,"sceneViewState":{"showFog":true,"showMaterialUpdate":false,"showSkybox":false,"showFlares":true,"showImageEffects":true,"showParticleSystems":true},"in2DMode":false,"pivot":{"x":-200.16587829589845,"y":192.06448364257813,"z":-74.39469909667969},"rotation":{"x":-0.3224102556705475,"y":-0.46353110671043398,"z":0.1858447939157486,"w":-0.8041507601737976},"size":1169.91455078125,"orthographic":false}