{"cameraMode":{"drawMode":0,"name":"Shaded","section":"Shading Mode"},"sceneLighting":true,"audioPlay":false,"sceneViewState":{"showFog":true,"showMaterialUpdate":false,"showSkybox":false,"showFlares":true,"showImageEffects":true,"showParticleSystems":true},"in2DMode":false,"pivot":{"x":0.24347734451293946,"y":0.7333790063858032,"z":0.26856565475463869},"rotation":{"x":0.10214460641145706,"y":0.8109472990036011,"z":-0.1488248109817505,"w":0.5565866231918335},"size":4.388344764709473,"orthographic":false}