{"cameraMode":{"drawMode":0,"name":"Shaded","section":"Shading Mode"},"sceneLighting":true,"audioPlay":false,"sceneViewState":{"showFog":true,"showMaterialUpdate":false,"showSkybox":false,"showFlares":true,"showImageEffects":true,"showParticleSystems":true},"in2DMode":false,"pivot":{"x":1.114363193511963,"y":0.21045327186584474,"z":-1.0092618465423585},"rotation":{"x":0.16968482732772828,"y":0.631745457649231,"z":-0.14442741870880128,"w":0.7424885630607605},"size":4.688344955444336,"orthographic":false}