{"cameraMode":{"drawMode":0,"name":"Shaded","section":"Shading Mode"},"sceneLighting":true,"audioPlay":false,"sceneViewState":{"showFog":true,"showMaterialUpdate":false,"showSkybox":false,"showFlares":true,"showImageEffects":true,"showParticleSystems":true},"in2DMode":false,"pivot":{"x":-224.82080078125,"y":18.808349609375,"z":-75.09899139404297},"rotation":{"x":0.0011099132243543864,"y":-0.8437041640281677,"z":0.536880612373352,"w":0.0017903904663398862},"size":275.9395446777344,"orthographic":false}