{"cameraMode":{"drawMode":0,"name":"Shaded","section":"Shading Mode"},"sceneLighting":true,"audioPlay":false,"sceneViewState":{"showFog":true,"showMaterialUpdate":false,"showSkybox":false,"showFlares":true,"showImageEffects":true,"showParticleSystems":true},"in2DMode":false,"pivot":{"x":-1.1257176399230958,"y":-1.2476422786712647,"z":7.534360885620117},"rotation":{"x":0.13756293058395387,"y":0.0017782296054065228,"z":-0.00024630213738419116,"w":0.990496039390564},"size":12.601761817932129,"orthographic":false}