{"cameraMode":{"drawMode":0,"name":"Shaded","section":"Shading Mode"},"sceneLighting":true,"audioPlay":false,"sceneViewState":{"showFog":true,"showMaterialUpdate":false,"showSkybox":false,"showFlares":true,"showImageEffects":true,"showParticleSystems":true},"in2DMode":false,"pivot":{"x":-0.561715304851532,"y":1.9859484434127808,"z":0.663912832736969},"rotation":{"x":0.0634656623005867,"y":0.9362244606018066,"z":-0.2311938852071762,"w":0.2569931447505951},"size":2.414027690887451,"orthographic":false}