{"cameraMode":{"drawMode":0,"name":"Shaded","section":"Shading Mode"},"sceneLighting":true,"audioPlay":false,"sceneViewState":{"showFog":true,"showMaterialUpdate":false,"showSkybox":false,"showFlares":true,"showImageEffects":true,"showParticleSystems":true},"in2DMode":false,"pivot":{"x":248.75779724121095,"y":2.6848669052124025,"z":297.6333312988281},"rotation":{"x":-0.12863320112228394,"y":0.5256481766700745,"z":-0.08066097646951676,"w":-0.8371244668960571},"size":5.241659164428711,"orthographic":false}