{"cameraMode":{"drawMode":0,"name":"Shaded","section":"Shading Mode"},"sceneLighting":true,"audioPlay":false,"sceneViewState":{"showFog":true,"showMaterialUpdate":false,"showSkybox":false,"showFlares":true,"showImageEffects":true,"showParticleSystems":true},"in2DMode":false,"pivot":{"x":37.9912223815918,"y":-1.604101538658142,"z":69.43305206298828},"rotation":{"x":0.01627078279852867,"y":0.2507871985435486,"z":-0.0042213075794279579,"w":0.9679427146911621},"size":81.41082763671875,"orthographic":false}