{"cameraMode":{"drawMode":0,"name":"Shaded","section":"Shading Mode"},"sceneLighting":true,"audioPlay":false,"sceneViewState":{"showFog":true,"showMaterialUpdate":false,"showSkybox":false,"showFlares":true,"showImageEffects":true,"showParticleSystems":true},"in2DMode":false,"pivot":{"x":-58.30845260620117,"y":28.912456512451173,"z":8.178309440612793},"rotation":{"x":0.00852974783629179,"y":-0.8558819890022278,"z":0.5172437429428101,"w":0.014833156950771809},"size":194.3780059814453,"orthographic":false}