{"cameraMode":{"drawMode":0,"name":"Shaded","section":"Shading Mode"},"sceneLighting":true,"audioPlay":false,"sceneViewState":{"showFog":true,"showMaterialUpdate":false,"showSkybox":false,"showFlares":true,"showImageEffects":true,"showParticleSystems":true},"in2DMode":false,"pivot":{"x":0.00015505969349760562,"y":0.5360223054885864,"z":0.010954763740301133},"rotation":{"x":0.1569221168756485,"y":0.3220645785331726,"z":-0.05422224849462509,"w":0.9320477247238159},"size":3.5692427158355715,"orthographic":false}