{"cameraMode":{"drawMode":0,"name":"Shaded","section":"Shading Mode"},"sceneLighting":true,"audioPlay":false,"sceneViewState":{"showFog":true,"showMaterialUpdate":false,"showSkybox":false,"showFlares":true,"showImageEffects":true,"showParticleSystems":true},"in2DMode":false,"pivot":{"x":-30.32576560974121,"y":-18.78504180908203,"z":-5.2428765296936039},"rotation":{"x":0.17047825455665589,"y":-0.7455423474311829,"z":0.20853210985660554,"w":0.6096879243850708},"size":41.51311492919922,"orthographic":false}