{"cameraMode":{"drawMode":0,"name":"Shaded","section":"Shading Mode"},"sceneLighting":true,"audioPlay":false,"sceneViewState":{"showFog":true,"showMaterialUpdate":false,"showSkybox":false,"showFlares":true,"showImageEffects":true,"showParticleSystems":true},"in2DMode":false,"pivot":{"x":-0.28937244415283205,"y":0.06657791137695313,"z":-0.47111445665359499},"rotation":{"x":0.20296797156333924,"y":-0.6134790182113648,"z":0.1672123521566391,"w":0.7446631789207459},"size":5.661354064941406,"orthographic":false}