{"cameraMode":{"drawMode":0,"name":"Shaded","section":"Shading Mode"},"sceneLighting":true,"audioPlay":false,"sceneViewState":{"showFog":true,"showMaterialUpdate":false,"showSkybox":false,"showFlares":true,"showImageEffects":true,"showParticleSystems":true},"in2DMode":false,"pivot":{"x":401.8663024902344,"y":478.1280212402344,"z":-568.478271484375},"rotation":{"x":-0.3224102556705475,"y":-0.46353110671043398,"z":0.1858447939157486,"w":-0.8041507601737976},"size":2238.038330078125,"orthographic":false}