{"cameraMode":{"drawMode":0,"name":"Shaded","section":"Shading Mode"},"sceneLighting":true,"audioPlay":false,"sceneViewState":{"showFog":true,"showMaterialUpdate":false,"showSkybox":false,"showFlares":true,"showImageEffects":true,"showParticleSystems":true},"in2DMode":false,"pivot":{"x":310.0562438964844,"y":4.8256001472473148,"z":255.15093994140626},"rotation":{"x":0.07560136914253235,"y":0.32668355107307436,"z":-0.026210973039269449,"w":0.9417640566825867},"size":9.549736976623536,"orthographic":false}