{"cameraMode":{"drawMode":0,"name":"Shaded","section":"Shading Mode"},"sceneLighting":true,"audioPlay":false,"sceneViewState":{"showFog":true,"showMaterialUpdate":false,"showSkybox":false,"showFlares":true,"showImageEffects":true,"showParticleSystems":true},"in2DMode":false,"pivot":{"x":495.3414001464844,"y":179.39337158203126,"z":166.29641723632813},"rotation":{"x":-0.1939956247806549,"y":-0.027369175106287004,"z":0.005414322484284639,"w":-0.9806084036827087},"size":623.2116088867188,"orthographic":false}