{"cameraMode":{"drawMode":0,"name":"Shaded","section":"Shading Mode"},"sceneLighting":true,"audioPlay":false,"sceneViewState":{"showFog":true,"showMaterialUpdate":false,"showSkybox":false,"showFlares":true,"showImageEffects":true,"showParticleSystems":true},"in2DMode":false,"pivot":{"x":1.0318224430084229,"y":1.9710173606872559,"z":-1.1635853052139283},"rotation":{"x":0.063775435090065,"y":-0.05384903401136398,"z":0.0034519790206104519,"w":0.9965425133705139},"size":7.940153121948242,"orthographic":false}