{"cameraMode":{"drawMode":0,"name":"Shaded","section":"Shading Mode"},"sceneLighting":true,"audioPlay":false,"sceneViewState":{"showFog":true,"showMaterialUpdate":false,"showSkybox":false,"showFlares":true,"showImageEffects":true,"showParticleSystems":true},"in2DMode":false,"pivot":{"x":128.66189575195313,"y":139.89828491210938,"z":-274.83746337890627},"rotation":{"x":-0.1939956247806549,"y":-0.027369175106287004,"z":0.005414322484284639,"w":-0.9806084036827087},"size":206.75172424316407,"orthographic":false}